Priority,Page Type,Cluster,Primary Keyword,US Volume,KD,CPC $,Intent,Trend,URL,SEO Title,H1,Required Sections / Topic Brief,Images & Evidence,Internal Links,Schema,Update Cadence,Status,Notes
100,Calculator,Calculators,apy calculator,40500,17,4.88,informational,Stable,/calculators/apy/,"APY Calculator: Convert Daily, Weekly & Monthly Returns",APY Calculator,Convert periodic returns/APR/APY and show assumptions,Interactive calculator; conversion table,Platform pages + methodology + calculators,Article/Product/FAQ as applicable,Monthly/when evidence changes,Build,
100,Editorial,AI Trading,best ai trading app,2400,9,17.4,commercial,Falling,/ai-trading-platforms/best-ai-trading-apps/,Best AI Trading Apps: What We Tested and What the Data Shows,Best AI Trading Apps,"Commercial comparison based on testing, costs, ease of use, performance and withdrawal access",Comparison cards; screenshots; test results,Platform pages + methodology + calculators,Article/Product/FAQ as applicable,Monthly/when evidence changes,Build,
98,Calculator,Calculators,roi calculator,18100,32,2.73,informational,Falling,/calculators/roi/,"ROI Calculator: Return on Investment, Profit & Recovery",ROI Calculator,"Calculate ROI, profit, loss, payback/recovery period",Interactive calculator; simple examples,Platform pages + methodology + calculators,Article/Product/FAQ as applicable,Monthly/when evidence changes,Build,
96,Calculator,Calculators,daily compound interest calculator,14800,29,4.64,informational,Falling,/calculators/daily-compound-interest/,Daily Compound Interest Calculator,Daily Compound Interest Calculator,Daily compounding tool with deposits/withdrawals and comparison to non-compounding,Interactive calculator; growth curve,Platform pages + methodology + calculators,Article/Product/FAQ as applicable,Monthly/when evidence changes,Build,
95,Pillar,AI Trading,ai trading platforms,1900,39,15.68,commercial,Falling,/ai-trading-platforms/,"Best AI Trading Platforms: Tested Tools, Fees & Performance",AI Trading Platforms Compared,"Test AI/automated trading claims, costs, realised results, withdrawal access and evidence",UI screenshots; performance evidence; comparison chart,Platform pages + methodology + calculators,Article/Product/FAQ as applicable,Monthly/when evidence changes,Build,
92,Calculator,Calculators,investment calculator with withdrawals,3600,17,3.94,informational,Stable,/calculators/investment-withdrawals/,Investment Calculator With Withdrawals,Investment Calculator With Withdrawals,Model recurring withdrawals and capital recovery,Interactive calculator; balance/withdrawal chart,Platform pages + methodology + calculators,Article/Product/FAQ as applicable,Monthly/when evidence changes,Build,
90,Editorial,AI Trading,best ai trading bot,1000,30,8.05,commercial,Falling,/ai-trading-platforms/best-ai-trading-bots/,"Best AI Trading Bots: Tested Performance, Costs & Risks",Best AI Trading Bots,Review/test AI bots with evidence and realised results,Performance chart; UI screenshots; evidence,Platform pages + methodology + calculators,Article/Product/FAQ as applicable,Monthly/when evidence changes,Build,
84,Pillar,Copy Trading,copy trading platforms,1000,51,13.08,commercial,Stable,/copy-trading-platforms/,"Best Copy Trading Platforms: Fees, Returns & Real-World Tests",Copy Trading Platforms Compared,"Compare copy trading platforms using realised performance, drawdown, withdrawal access, fees and reliability",Performance charts; drawdown chart; platform screenshots,Platform pages + methodology + calculators,Article/Product/FAQ as applicable,Monthly/when evidence changes,Build,
84,Editorial,Copy Trading,best copy trading platforms,480,39,15.56,commercial,Stable,/copy-trading-platforms/best/,"Best Copy Trading Platforms: Real Tests, Fees & Results",Best Copy Trading Platforms,Commercial roundup driven by YieldProof testing,Comparison table; score chart; evidence,Platform pages + methodology + calculators,Article/Product/FAQ as applicable,Monthly/when evidence changes,Build,
81,Pillar,Crypto Lending,crypto lending platforms,320,35,21.32,commercial,Falling,/crypto-lending-platforms/,"Best Crypto Lending Platforms: Rates, Risk & Withdrawal Evidence",Crypto Lending Platforms Compared,Rates + custody model + withdrawal tests + fees + realised return,Rate table; withdrawal timeline; evidence,Platform pages + methodology + calculators,Article/Product/FAQ as applicable,Monthly/when evidence changes,Build,
79,Pillar,Crypto Staking,crypto staking platforms,260,22,15.18,commercial,Falling,/crypto-staking-platforms/,"Best Crypto Staking Platforms: Yields, Lockups & Withdrawal Tests",Crypto Staking Platforms Compared,Platform comparison + APY + lockups + withdrawal test + fees + evidence,APY comparison; lockup timeline; screenshots,Platform pages + methodology + calculators,Article/Product/FAQ as applicable,Monthly/when evidence changes,Build,
77,Editorial,Passive Income,passive income crypto,140,8,3.9,commercial,Falling,/guides/passive-income-crypto/,Crypto Passive Income: What Actually Pays? Live-Tested Options,"Crypto Passive Income — Tested, Not Promised",Explain categories and link to tested platform pages; emphasise realised returns and risk,Category map; risk/return chart; evidence examples,Platform pages + methodology + calculators,Article/Product/FAQ as applicable,Monthly/when evidence changes,Build,
69,Monitor,HYIP,hyip monitor,70,31,5.47,transactional,Stable,/hyip-monitor/,"HYIP Monitor: Live Payout Tests, Withdrawal Evidence & Scores",YieldProof HYIP Monitor,"Dynamic monitor based on our own deposits/withdrawals, not third-party paying labels",Live status table; payout proof; incident timeline,Platform pages + methodology + calculators,Article/Product/FAQ as applicable,Monthly/when evidence changes,Build,
69,Editorial,Cloud Mining,best cloud mining platforms,70,40,9.86,commercial,Falling,/cloud-mining-platforms/,"Best Cloud Mining Platforms: Tested Payouts, Fees & Withdrawal Evidence",Cloud Mining Platforms Compared,"Test payout claims, contracts, fees and withdrawals",Contract comparison; payout proof; warnings,Platform pages + methodology + calculators,Article/Product/FAQ as applicable,Monthly/when evidence changes,Build,
66,Platform Review,Platform,TAG Markets review,10,,,commercial,Stable,/platforms/tag-markets/,"TAG Markets Review: Real Deposits, Withdrawals, Returns & YieldProof Score",TAG Markets Review — Our Live Test & Withdrawal Evidence,Quick verdict; YieldProof score; advertised vs realised return; deposit test; withdrawal log; payout speed; support; fees/lockups; principal recovery; incidents; score history; FAQ,Deposit screenshot; withdrawal screenshots/video; wallet/tx proof; payout timeline; score-history chart; interface screenshots,Rankings + category hub + withdrawal-proof hub + related platforms,Review + FAQ + Breadcrumb,Weekly while live-tested,Build,Brand-volume may be ambiguous; validate SERP relevance before using brand SV.
65,Platform Review,Platform,Aimex review,10,,,informational,New/Rising,/platforms/aimex/,"Aimex Review: Real Deposits, Withdrawals, Returns & YieldProof Score",Aimex Review — Our Live Test & Withdrawal Evidence,Quick verdict; YieldProof score; advertised vs realised return; deposit test; withdrawal log; payout speed; support; fees/lockups; principal recovery; incidents; score history; FAQ,Deposit screenshot; withdrawal screenshots/video; wallet/tx proof; payout timeline; score-history chart; interface screenshots,Rankings + category hub + withdrawal-proof hub + related platforms,Review + FAQ + Breadcrumb,Weekly while live-tested,Build,Brand-volume may be ambiguous; validate SERP relevance before using brand SV.
60,Platform Review,Platform,Meses review,0,,,commercial,,/platforms/meses/,"Meses Review: Real Deposits, Withdrawals, Returns & YieldProof Score",Meses Review — Our Live Test & Withdrawal Evidence,Quick verdict; YieldProof score; advertised vs realised return; deposit test; withdrawal log; payout speed; support; fees/lockups; principal recovery; incidents; score history; FAQ,Deposit screenshot; withdrawal screenshots/video; wallet/tx proof; payout timeline; score-history chart; interface screenshots,Rankings + category hub + withdrawal-proof hub + related platforms,Review + FAQ + Breadcrumb,Weekly while live-tested,Build,Brand-volume may be ambiguous; validate SERP relevance before using brand SV.
60,Platform Review,Platform,Hedger review,0,,,commercial,,/platforms/hedger/,"Hedger Review: Real Deposits, Withdrawals, Returns & YieldProof Score",Hedger Review — Our Live Test & Withdrawal Evidence,Quick verdict; YieldProof score; advertised vs realised return; deposit test; withdrawal log; payout speed; support; fees/lockups; principal recovery; incidents; score history; FAQ,Deposit screenshot; withdrawal screenshots/video; wallet/tx proof; payout timeline; score-history chart; interface screenshots,Rankings + category hub + withdrawal-proof hub + related platforms,Review + FAQ + Breadcrumb,Weekly while live-tested,Build,Brand-volume may be ambiguous; validate SERP relevance before using brand SV.
58,Platform Review,Platform,CopyX review,0,,,commercial,,/platforms/copyx/,"CopyX Review: Real Deposits, Withdrawals, Returns & YieldProof Score",CopyX Review — Our Live Test & Withdrawal Evidence,Quick verdict; YieldProof score; advertised vs realised return; deposit test; withdrawal log; payout speed; support; fees/lockups; principal recovery; incidents; score history; FAQ,Deposit screenshot; withdrawal screenshots/video; wallet/tx proof; payout timeline; score-history chart; interface screenshots,Rankings + category hub + withdrawal-proof hub + related platforms,Review + FAQ + Breadcrumb,Weekly while live-tested,Build,Brand-volume may be ambiguous; validate SERP relevance before using brand SV.
57,Platform Review,Platform,Winvest review,0,,,commercial,,/platforms/winvest/,"Winvest Review: Real Deposits, Withdrawals, Returns & YieldProof Score",Winvest Review — Our Live Test & Withdrawal Evidence,Quick verdict; YieldProof score; advertised vs realised return; deposit test; withdrawal log; payout speed; support; fees/lockups; principal recovery; incidents; score history; FAQ,Deposit screenshot; withdrawal screenshots/video; wallet/tx proof; payout timeline; score-history chart; interface screenshots,Rankings + category hub + withdrawal-proof hub + related platforms,Review + FAQ + Breadcrumb,Weekly while live-tested,Build,Brand-volume may be ambiguous; validate SERP relevance before using brand SV.
57,Platform Review,Platform,Mooner review,0,,,commercial,,/platforms/mooner/,"Mooner Review: Real Deposits, Withdrawals, Returns & YieldProof Score",Mooner Review — Our Live Test & Withdrawal Evidence,Quick verdict; YieldProof score; advertised vs realised return; deposit test; withdrawal log; payout speed; support; fees/lockups; principal recovery; incidents; score history; FAQ,Deposit screenshot; withdrawal screenshots/video; wallet/tx proof; payout timeline; score-history chart; interface screenshots,Rankings + category hub + withdrawal-proof hub + related platforms,Review + FAQ + Breadcrumb,Weekly while live-tested,Build,Brand-volume may be ambiguous; validate SERP relevance before using brand SV.
57,Platform Review,Platform,Atlas System review,0,,,commercial,,/platforms/atlas-system/,"Atlas System Review: Real Deposits, Withdrawals, Returns & YieldProof Score",Atlas System Review — Our Live Test & Withdrawal Evidence,Quick verdict; YieldProof score; advertised vs realised return; deposit test; withdrawal log; payout speed; support; fees/lockups; principal recovery; incidents; score history; FAQ,Deposit screenshot; withdrawal screenshots/video; wallet/tx proof; payout timeline; score-history chart; interface screenshots,Rankings + category hub + withdrawal-proof hub + related platforms,Review + FAQ + Breadcrumb,Weekly while live-tested,Build,Brand-volume may be ambiguous; validate SERP relevance before using brand SV.
55,Platform Review,Platform,Zentex review,0,,,commercial,,/platforms/zentex/,"Zentex Review: Real Deposits, Withdrawals, Returns & YieldProof Score",Zentex Review — Our Live Test & Withdrawal Evidence,Quick verdict; YieldProof score; advertised vs realised return; deposit test; withdrawal log; payout speed; support; fees/lockups; principal recovery; incidents; score history; FAQ,Deposit screenshot; withdrawal screenshots/video; wallet/tx proof; payout timeline; score-history chart; interface screenshots,Rankings + category hub + withdrawal-proof hub + related platforms,Review + FAQ + Breadcrumb,Weekly while live-tested,Build,Brand-volume may be ambiguous; validate SERP relevance before using brand SV.
52,Platform Review,Platform,NOKYC review,0,,,commercial,,/platforms/nokyc/,"NOKYC Review: Real Deposits, Withdrawals, Returns & YieldProof Score",NOKYC Review — Our Live Test & Withdrawal Evidence,Quick verdict; YieldProof score; advertised vs realised return; deposit test; withdrawal log; payout speed; support; fees/lockups; principal recovery; incidents; score history; FAQ,Deposit screenshot; withdrawal screenshots/video; wallet/tx proof; payout timeline; score-history chart; interface screenshots,Rankings + category hub + withdrawal-proof hub + related platforms,Review + FAQ + Breadcrumb,Weekly while live-tested,Build,Brand-volume may be ambiguous; validate SERP relevance before using brand SV.
50,Platform Review,Platform,Procash review,0,,,commercial,,/platforms/procash/,"Procash Review: Real Deposits, Withdrawals, Returns & YieldProof Score",Procash Review — Our Live Test & Withdrawal Evidence,Quick verdict; YieldProof score; advertised vs realised return; deposit test; withdrawal log; payout speed; support; fees/lockups; principal recovery; incidents; score history; FAQ,Deposit screenshot; withdrawal screenshots/video; wallet/tx proof; payout timeline; score-history chart; interface screenshots,Rankings + category hub + withdrawal-proof hub + related platforms,Review + FAQ + Breadcrumb,Weekly while live-tested,Build,Tracked platform page; build from first-party test evidence.
50,Platform Review,Platform,Universe Pro review,0,,,commercial,,/platforms/universe-pro/,"Universe Pro Review: Real Deposits, Withdrawals, Returns & YieldProof Score",Universe Pro Review — Our Live Test & Withdrawal Evidence,Quick verdict; YieldProof score; advertised vs realised return; deposit test; withdrawal log; payout speed; support; fees/lockups; principal recovery; incidents; score history; FAQ,Deposit screenshot; withdrawal screenshots/video; wallet/tx proof; payout timeline; score-history chart; interface screenshots,Rankings + category hub + withdrawal-proof hub + related platforms,Review + FAQ + Breadcrumb,Weekly while live-tested,Build,Tracked platform page; build from first-party test evidence.
47,Calculator,Calculators,investment recovery calculator,10,10,,informational,Stable,/calculators/investment-recovery/,Investment Recovery Calculator: How Long Until Your Principal Is Back?,Investment Recovery Calculator,"Inputs: deposit, net daily/weekly yield, withdrawal cadence, fees, lockup; output principal recovery date",Interactive calculator; recovery curve,Platform pages + methodology + calculators,Article/Product/FAQ as applicable,Monthly/when evidence changes,Build,
47,Platform Review,Platform,Aevos review,0,,,commercial,,/platforms/aevos/,"Aevos Review: Real Deposits, Withdrawals, Returns & YieldProof Score",Aevos Review — Our Live Test & Withdrawal Evidence,Quick verdict; YieldProof score; advertised vs realised return; deposit test; withdrawal log; payout speed; support; fees/lockups; principal recovery; incidents; score history; FAQ,Deposit screenshot; withdrawal screenshots/video; wallet/tx proof; payout timeline; score-history chart; interface screenshots,Rankings + category hub + withdrawal-proof hub + related platforms,Review + FAQ + Breadcrumb,Weekly while live-tested,Build,Tracked platform page; build from first-party test evidence.
47,Platform Review,Platform,Marsses review,0,,,commercial,,/platforms/marsses/,"Marsses Review: Real Deposits, Withdrawals, Returns & YieldProof Score",Marsses Review — Our Live Test & Withdrawal Evidence,Quick verdict; YieldProof score; advertised vs realised return; deposit test; withdrawal log; payout speed; support; fees/lockups; principal recovery; incidents; score history; FAQ,Deposit screenshot; withdrawal screenshots/video; wallet/tx proof; payout timeline; score-history chart; interface screenshots,Rankings + category hub + withdrawal-proof hub + related platforms,Review + FAQ + Breadcrumb,Weekly while live-tested,Build,Tracked platform page; build from first-party test evidence.
46,Pillar,High Yield,high yield investment platforms,10,,2.18,commercial,Stable,/high-yield-investment-platforms/,"High-Yield Investment Platforms: Live Tests, Scores & Withdrawal Evidence",High-Yield Investment Platforms — Tested With Real Money,Leaderboard + methodology + live-tested platform cards + withdrawal success + capital recovery + warnings + FAQ,Ranking table; evidence screenshots; payout timeline graphics; methodology graphic,Platform pages + methodology + calculators,Article/Product/FAQ as applicable,Monthly/when evidence changes,Build,
46,Pillar,Crypto Yield,crypto yield platforms,10,,,commercial,Stable,/crypto-yield-platforms/,"Best Crypto Yield Platforms: Tested Returns, Withdrawals & Risk Scores","Crypto Yield Platforms — Real Returns, Real Withdrawals","Compare realised yield, payout reliability, lockups, fees, principal recovery and evidence",Comparison table; yield-vs-reliability chart; wallet proof,Platform pages + methodology + calculators,Article/Product/FAQ as applicable,Monthly/when evidence changes,Build,
43,Platform Review,Platform,Bityx review,0,,,commercial,,/platforms/bityx/,"Bityx Review: Real Deposits, Withdrawals, Returns & YieldProof Score",Bityx Review — Our Live Test & Withdrawal Evidence,Quick verdict; YieldProof score; advertised vs realised return; deposit test; withdrawal log; payout speed; support; fees/lockups; principal recovery; incidents; score history; FAQ,Deposit screenshot; withdrawal screenshots/video; wallet/tx proof; payout timeline; score-history chart; interface screenshots,Rankings + category hub + withdrawal-proof hub + related platforms,Review + FAQ + Breadcrumb,Weekly while live-tested,Build,Tracked platform page; build from first-party test evidence.
35,Platform Review,Platform,Avavalite review,0,,,commercial,,/platforms/avavalite/,"Avavalite Review: Real Deposits, Withdrawals, Returns & YieldProof Score",Avavalite Review — Our Live Test & Withdrawal Evidence,Quick verdict; YieldProof score; advertised vs realised return; deposit test; withdrawal log; payout speed; support; fees/lockups; principal recovery; incidents; score history; FAQ,Deposit screenshot; withdrawal screenshots/video; wallet/tx proof; payout timeline; score-history chart; interface screenshots,Rankings + category hub + withdrawal-proof hub + related platforms,Review + FAQ + Breadcrumb,Weekly while live-tested,Build,Tracked platform page; build from first-party test evidence.
35,Platform Review,Platform,Botronix review,0,,,commercial,,/platforms/botronix/,"Botronix Review: Real Deposits, Withdrawals, Returns & YieldProof Score",Botronix Review — Our Live Test & Withdrawal Evidence,Quick verdict; YieldProof score; advertised vs realised return; deposit test; withdrawal log; payout speed; support; fees/lockups; principal recovery; incidents; score history; FAQ,Deposit screenshot; withdrawal screenshots/video; wallet/tx proof; payout timeline; score-history chart; interface screenshots,Rankings + category hub + withdrawal-proof hub + related platforms,Review + FAQ + Breadcrumb,Weekly while live-tested,Build,Tracked platform page; build from first-party test evidence.
35,Platform Review,Platform,Cashpayu review,0,,,commercial,,/platforms/cashpayu/,"Cashpayu Review: Real Deposits, Withdrawals, Returns & YieldProof Score",Cashpayu Review — Our Live Test & Withdrawal Evidence,Quick verdict; YieldProof score; advertised vs realised return; deposit test; withdrawal log; payout speed; support; fees/lockups; principal recovery; incidents; score history; FAQ,Deposit screenshot; withdrawal screenshots/video; wallet/tx proof; payout timeline; score-history chart; interface screenshots,Rankings + category hub + withdrawal-proof hub + related platforms,Review + FAQ + Breadcrumb,Weekly while live-tested,Build,Tracked platform page; build from first-party test evidence.
35,Platform Review,Platform,Mitrola review,0,,,commercial,,/platforms/mitrola/,"Mitrola Review: Real Deposits, Withdrawals, Returns & YieldProof Score",Mitrola Review — Our Live Test & Withdrawal Evidence,Quick verdict; YieldProof score; advertised vs realised return; deposit test; withdrawal log; payout speed; support; fees/lockups; principal recovery; incidents; score history; FAQ,Deposit screenshot; withdrawal screenshots/video; wallet/tx proof; payout timeline; score-history chart; interface screenshots,Rankings + category hub + withdrawal-proof hub + related platforms,Review + FAQ + Breadcrumb,Weekly while live-tested,Build,Tracked platform page; build from first-party test evidence.
35,Platform Review,Platform,SwapSol review,0,,,commercial,,/platforms/swapsol/,"SwapSol Review: Real Deposits, Withdrawals, Returns & YieldProof Score",SwapSol Review — Our Live Test & Withdrawal Evidence,Quick verdict; YieldProof score; advertised vs realised return; deposit test; withdrawal log; payout speed; support; fees/lockups; principal recovery; incidents; score history; FAQ,Deposit screenshot; withdrawal screenshots/video; wallet/tx proof; payout timeline; score-history chart; interface screenshots,Rankings + category hub + withdrawal-proof hub + related platforms,Review + FAQ + Breadcrumb,Weekly while live-tested,Build,Tracked platform page; build from first-party test evidence.
35,Platform Review,Platform,SwapLite review,0,,,commercial,,/platforms/swaplite/,"SwapLite Review: Real Deposits, Withdrawals, Returns & YieldProof Score",SwapLite Review — Our Live Test & Withdrawal Evidence,Quick verdict; YieldProof score; advertised vs realised return; deposit test; withdrawal log; payout speed; support; fees/lockups; principal recovery; incidents; score history; FAQ,Deposit screenshot; withdrawal screenshots/video; wallet/tx proof; payout timeline; score-history chart; interface screenshots,Rankings + category hub + withdrawal-proof hub + related platforms,Review + FAQ + Breadcrumb,Weekly while live-tested,Build,Tracked platform page; build from first-party test evidence.
35,Platform Review,Platform,Voryqa review,0,,,commercial,,/platforms/voryqa/,"Voryqa Review: Real Deposits, Withdrawals, Returns & YieldProof Score",Voryqa Review — Our Live Test & Withdrawal Evidence,Quick verdict; YieldProof score; advertised vs realised return; deposit test; withdrawal log; payout speed; support; fees/lockups; principal recovery; incidents; score history; FAQ,Deposit screenshot; withdrawal screenshots/video; wallet/tx proof; payout timeline; score-history chart; interface screenshots,Rankings + category hub + withdrawal-proof hub + related platforms,Review + FAQ + Breadcrumb,Weekly while live-tested,Build,Tracked platform page; build from first-party test evidence.
35,Platform Review,Platform,Rosenberg Systems review,0,,,commercial,,/platforms/rosenberg-systems/,"Rosenberg Systems Review: Real Deposits, Withdrawals, Returns & YieldProof Score",Rosenberg Systems Review — Our Live Test & Withdrawal Evidence,Quick verdict; YieldProof score; advertised vs realised return; deposit test; withdrawal log; payout speed; support; fees/lockups; principal recovery; incidents; score history; FAQ,Deposit screenshot; withdrawal screenshots/video; wallet/tx proof; payout timeline; score-history chart; interface screenshots,Rankings + category hub + withdrawal-proof hub + related platforms,Review + FAQ + Breadcrumb,Weekly while live-tested,Build,Tracked platform page; build from first-party test evidence.
35,Platform Review,Platform,BitoMax review,0,,,commercial,,/platforms/bitomax/,"BitoMax Review: Real Deposits, Withdrawals, Returns & YieldProof Score",BitoMax Review — Our Live Test & Withdrawal Evidence,Quick verdict; YieldProof score; advertised vs realised return; deposit test; withdrawal log; payout speed; support; fees/lockups; principal recovery; incidents; score history; FAQ,Deposit screenshot; withdrawal screenshots/video; wallet/tx proof; payout timeline; score-history chart; interface screenshots,Rankings + category hub + withdrawal-proof hub + related platforms,Review + FAQ + Breadcrumb,Weekly while live-tested,Build,Tracked platform page; build from first-party test evidence.
35,Platform Review,Platform,PairBots review,0,,,commercial,,/platforms/pairbots/,"PairBots Review: Real Deposits, Withdrawals, Returns & YieldProof Score",PairBots Review — Our Live Test & Withdrawal Evidence,Quick verdict; YieldProof score; advertised vs realised return; deposit test; withdrawal log; payout speed; support; fees/lockups; principal recovery; incidents; score history; FAQ,Deposit screenshot; withdrawal screenshots/video; wallet/tx proof; payout timeline; score-history chart; interface screenshots,Rankings + category hub + withdrawal-proof hub + related platforms,Review + FAQ + Breadcrumb,Weekly while live-tested,Build,Tracked platform page; build from first-party test evidence.
35,Platform Review,Platform,Road Rise review,0,,,commercial,,/platforms/road-rise/,"Road Rise Review: Real Deposits, Withdrawals, Returns & YieldProof Score",Road Rise Review — Our Live Test & Withdrawal Evidence,Quick verdict; YieldProof score; advertised vs realised return; deposit test; withdrawal log; payout speed; support; fees/lockups; principal recovery; incidents; score history; FAQ,Deposit screenshot; withdrawal screenshots/video; wallet/tx proof; payout timeline; score-history chart; interface screenshots,Rankings + category hub + withdrawal-proof hub + related platforms,Review + FAQ + Breadcrumb,Weekly while live-tested,Build,Tracked platform page; build from first-party test evidence.
35,Platform Review,Platform,Zuidos review,0,,,commercial,,/platforms/zuidos/,"Zuidos Review: Real Deposits, Withdrawals, Returns & YieldProof Score",Zuidos Review — Our Live Test & Withdrawal Evidence,Quick verdict; YieldProof score; advertised vs realised return; deposit test; withdrawal log; payout speed; support; fees/lockups; principal recovery; incidents; score history; FAQ,Deposit screenshot; withdrawal screenshots/video; wallet/tx proof; payout timeline; score-history chart; interface screenshots,Rankings + category hub + withdrawal-proof hub + related platforms,Review + FAQ + Breadcrumb,Weekly while live-tested,Build,Tracked platform page; build from first-party test evidence.
35,Platform Review,Platform,WantonsGroup review,0,,,commercial,,/platforms/wantonsgroup/,"WantonsGroup Review: Real Deposits, Withdrawals, Returns & YieldProof Score",WantonsGroup Review — Our Live Test & Withdrawal Evidence,Quick verdict; YieldProof score; advertised vs realised return; deposit test; withdrawal log; payout speed; support; fees/lockups; principal recovery; incidents; score history; FAQ,Deposit screenshot; withdrawal screenshots/video; wallet/tx proof; payout timeline; score-history chart; interface screenshots,Rankings + category hub + withdrawal-proof hub + related platforms,Review + FAQ + Breadcrumb,Weekly while live-tested,Build,Tracked platform page; build from first-party test evidence.
35,Platform Review,Platform,Elementex review,0,,,commercial,,/platforms/elementex/,"Elementex Review: Real Deposits, Withdrawals, Returns & YieldProof Score",Elementex Review — Our Live Test & Withdrawal Evidence,Quick verdict; YieldProof score; advertised vs realised return; deposit test; withdrawal log; payout speed; support; fees/lockups; principal recovery; incidents; score history; FAQ,Deposit screenshot; withdrawal screenshots/video; wallet/tx proof; payout timeline; score-history chart; interface screenshots,Rankings + category hub + withdrawal-proof hub + related platforms,Review + FAQ + Breadcrumb,Weekly while live-tested,Build,Tracked platform page; build from first-party test evidence.
35,Platform Review,Platform,Elementex Pro review,0,,,commercial,,/platforms/elementex-pro/,"Elementex Pro Review: Real Deposits, Withdrawals, Returns & YieldProof Score",Elementex Pro Review — Our Live Test & Withdrawal Evidence,Quick verdict; YieldProof score; advertised vs realised return; deposit test; withdrawal log; payout speed; support; fees/lockups; principal recovery; incidents; score history; FAQ,Deposit screenshot; withdrawal screenshots/video; wallet/tx proof; payout timeline; score-history chart; interface screenshots,Rankings + category hub + withdrawal-proof hub + related platforms,Review + FAQ + Breadcrumb,Weekly while live-tested,Build,Tracked platform page; build from first-party test evidence.
35,Platform Review,Platform,Stable Grow review,0,,,commercial,,/platforms/stable-grow/,"Stable Grow Review: Real Deposits, Withdrawals, Returns & YieldProof Score",Stable Grow Review — Our Live Test & Withdrawal Evidence,Quick verdict; YieldProof score; advertised vs realised return; deposit test; withdrawal log; payout speed; support; fees/lockups; principal recovery; incidents; score history; FAQ,Deposit screenshot; withdrawal screenshots/video; wallet/tx proof; payout timeline; score-history chart; interface screenshots,Rankings + category hub + withdrawal-proof hub + related platforms,Review + FAQ + Breadcrumb,Weekly while live-tested,Build,Tracked platform page; build from first-party test evidence.
35,Platform Review,Platform,HashRanchoGPU review,0,,,commercial,,/platforms/hashranchogpu/,"HashRanchoGPU Review: Real Deposits, Withdrawals, Returns & YieldProof Score",HashRanchoGPU Review — Our Live Test & Withdrawal Evidence,Quick verdict; YieldProof score; advertised vs realised return; deposit test; withdrawal log; payout speed; support; fees/lockups; principal recovery; incidents; score history; FAQ,Deposit screenshot; withdrawal screenshots/video; wallet/tx proof; payout timeline; score-history chart; interface screenshots,Rankings + category hub + withdrawal-proof hub + related platforms,Review + FAQ + Breadcrumb,Weekly while live-tested,Build,Tracked platform page; build from first-party test evidence.
35,Platform Review,Platform,DogeJam review,0,,,commercial,,/platforms/dogejam/,"DogeJam Review: Real Deposits, Withdrawals, Returns & YieldProof Score",DogeJam Review — Our Live Test & Withdrawal Evidence,Quick verdict; YieldProof score; advertised vs realised return; deposit test; withdrawal log; payout speed; support; fees/lockups; principal recovery; incidents; score history; FAQ,Deposit screenshot; withdrawal screenshots/video; wallet/tx proof; payout timeline; score-history chart; interface screenshots,Rankings + category hub + withdrawal-proof hub + related platforms,Review + FAQ + Breadcrumb,Weekly while live-tested,Build,Tracked platform page; build from first-party test evidence.
35,Platform Review,Platform,Apex Capital Rewards review,0,,,commercial,,/platforms/apex-capital-rewards/,"Apex Capital Rewards Review: Real Deposits, Withdrawals, Returns & YieldProof Score",Apex Capital Rewards Review — Our Live Test & Withdrawal Evidence,Quick verdict; YieldProof score; advertised vs realised return; deposit test; withdrawal log; payout speed; support; fees/lockups; principal recovery; incidents; score history; FAQ,Deposit screenshot; withdrawal screenshots/video; wallet/tx proof; payout timeline; score-history chart; interface screenshots,Rankings + category hub + withdrawal-proof hub + related platforms,Review + FAQ + Breadcrumb,Weekly while live-tested,Build,Tracked platform page; build from first-party test evidence.
35,Platform Review,Platform,InvestAIPays review,0,,,commercial,,/platforms/investaipays/,"InvestAIPays Review: Real Deposits, Withdrawals, Returns & YieldProof Score",InvestAIPays Review — Our Live Test & Withdrawal Evidence,Quick verdict; YieldProof score; advertised vs realised return; deposit test; withdrawal log; payout speed; support; fees/lockups; principal recovery; incidents; score history; FAQ,Deposit screenshot; withdrawal screenshots/video; wallet/tx proof; payout timeline; score-history chart; interface screenshots,Rankings + category hub + withdrawal-proof hub + related platforms,Review + FAQ + Breadcrumb,Weekly while live-tested,Build,Tracked platform page; build from first-party test evidence.
35,Platform Review,Platform,Polygate review,0,,,commercial,,/platforms/polygate/,"Polygate Review: Real Deposits, Withdrawals, Returns & YieldProof Score",Polygate Review — Our Live Test & Withdrawal Evidence,Quick verdict; YieldProof score; advertised vs realised return; deposit test; withdrawal log; payout speed; support; fees/lockups; principal recovery; incidents; score history; FAQ,Deposit screenshot; withdrawal screenshots/video; wallet/tx proof; payout timeline; score-history chart; interface screenshots,Rankings + category hub + withdrawal-proof hub + related platforms,Review + FAQ + Breadcrumb,Weekly while live-tested,Build,Tracked platform page; build from first-party test evidence.
35,Platform Review,Platform,Rnavest review,0,,,commercial,,/platforms/rnavest/,"Rnavest Review: Real Deposits, Withdrawals, Returns & YieldProof Score",Rnavest Review — Our Live Test & Withdrawal Evidence,Quick verdict; YieldProof score; advertised vs realised return; deposit test; withdrawal log; payout speed; support; fees/lockups; principal recovery; incidents; score history; FAQ,Deposit screenshot; withdrawal screenshots/video; wallet/tx proof; payout timeline; score-history chart; interface screenshots,Rankings + category hub + withdrawal-proof hub + related platforms,Review + FAQ + Breadcrumb,Weekly while live-tested,Build,Tracked platform page; build from first-party test evidence.
35,Platform Review,Platform,T Hawkeye review,0,,,commercial,,/platforms/t-hawkeye/,"T Hawkeye Review: Real Deposits, Withdrawals, Returns & YieldProof Score",T Hawkeye Review — Our Live Test & Withdrawal Evidence,Quick verdict; YieldProof score; advertised vs realised return; deposit test; withdrawal log; payout speed; support; fees/lockups; principal recovery; incidents; score history; FAQ,Deposit screenshot; withdrawal screenshots/video; wallet/tx proof; payout timeline; score-history chart; interface screenshots,Rankings + category hub + withdrawal-proof hub + related platforms,Review + FAQ + Breadcrumb,Weekly while live-tested,Build,Tracked platform page; build from first-party test evidence.
35,Platform Review,Platform,StakerX review,0,,,commercial,,/platforms/stakerx/,"StakerX Review: Real Deposits, Withdrawals, Returns & YieldProof Score",StakerX Review — Our Live Test & Withdrawal Evidence,Quick verdict; YieldProof score; advertised vs realised return; deposit test; withdrawal log; payout speed; support; fees/lockups; principal recovery; incidents; score history; FAQ,Deposit screenshot; withdrawal screenshots/video; wallet/tx proof; payout timeline; score-history chart; interface screenshots,Rankings + category hub + withdrawal-proof hub + related platforms,Review + FAQ + Breadcrumb,Weekly while live-tested,Build,Tracked platform page; build from first-party test evidence.
35,Platform Review,Platform,Oxustech review,0,,,commercial,,/platforms/oxustech/,"Oxustech Review: Real Deposits, Withdrawals, Returns & YieldProof Score",Oxustech Review — Our Live Test & Withdrawal Evidence,Quick verdict; YieldProof score; advertised vs realised return; deposit test; withdrawal log; payout speed; support; fees/lockups; principal recovery; incidents; score history; FAQ,Deposit screenshot; withdrawal screenshots/video; wallet/tx proof; payout timeline; score-history chart; interface screenshots,Rankings + category hub + withdrawal-proof hub + related platforms,Review + FAQ + Breadcrumb,Weekly while live-tested,Build,Tracked platform page; build from first-party test evidence.
35,Platform Review,Platform,Saluno review,0,,,commercial,,/platforms/saluno/,"Saluno Review: Real Deposits, Withdrawals, Returns & YieldProof Score",Saluno Review — Our Live Test & Withdrawal Evidence,Quick verdict; YieldProof score; advertised vs realised return; deposit test; withdrawal log; payout speed; support; fees/lockups; principal recovery; incidents; score history; FAQ,Deposit screenshot; withdrawal screenshots/video; wallet/tx proof; payout timeline; score-history chart; interface screenshots,Rankings + category hub + withdrawal-proof hub + related platforms,Review + FAQ + Breadcrumb,Weekly while live-tested,Build,Tracked platform page; build from first-party test evidence.
35,Platform Review,Platform,Crypto Flex Limited review,0,,,commercial,,/platforms/crypto-flex-limited/,"Crypto Flex Limited Review: Real Deposits, Withdrawals, Returns & YieldProof Score",Crypto Flex Limited Review — Our Live Test & Withdrawal Evidence,Quick verdict; YieldProof score; advertised vs realised return; deposit test; withdrawal log; payout speed; support; fees/lockups; principal recovery; incidents; score history; FAQ,Deposit screenshot; withdrawal screenshots/video; wallet/tx proof; payout timeline; score-history chart; interface screenshots,Rankings + category hub + withdrawal-proof hub + related platforms,Review + FAQ + Breadcrumb,Weekly while live-tested,Build,Tracked platform page; build from first-party test evidence.
