Platform,Brand Volume*,Review Volume,Withdrawal Volume,Scam Volume,Legit Volume,Review KD,Review Intent,Recommended Page Strategy,URL,SEO Title,SEO Note
Aimex,320,10,,,,,informational,One strong platform page; keep review/withdrawal/scam as sections initially,/platforms/aimex/,"Aimex Review: Real Deposits, Withdrawals, Returns & YieldProof Score",Validate brand-query SERP for ambiguity before relying on brand search volume.
Avavalite,,,,,,,,Platform page for live-test evidence; expand only when search demand appears,/platforms/avavalite/,"Avavalite Review: Real Deposits, Withdrawals, Returns & YieldProof Score",Validate brand-query SERP for ambiguity before relying on brand search volume.
Botronix,,,,,,,,Platform page for live-test evidence; expand only when search demand appears,/platforms/botronix/,"Botronix Review: Real Deposits, Withdrawals, Returns & YieldProof Score",Validate brand-query SERP for ambiguity before relying on brand search volume.
Cashpayu,,,,,,,,Platform page for live-test evidence; expand only when search demand appears,/platforms/cashpayu/,"Cashpayu Review: Real Deposits, Withdrawals, Returns & YieldProof Score",Validate brand-query SERP for ambiguity before relying on brand search volume.
Mitrola,,,,,,,,Platform page for live-test evidence; expand only when search demand appears,/platforms/mitrola/,"Mitrola Review: Real Deposits, Withdrawals, Returns & YieldProof Score",Validate brand-query SERP for ambiguity before relying on brand search volume.
SwapSol,,,,,,,,Platform page for live-test evidence; expand only when search demand appears,/platforms/swapsol/,"SwapSol Review: Real Deposits, Withdrawals, Returns & YieldProof Score",Validate brand-query SERP for ambiguity before relying on brand search volume.
SwapLite,,,,,,,,Platform page for live-test evidence; expand only when search demand appears,/platforms/swaplite/,"SwapLite Review: Real Deposits, Withdrawals, Returns & YieldProof Score",Validate brand-query SERP for ambiguity before relying on brand search volume.
Meses,9900,,,,,,,Platform page for live-test evidence; expand only when search demand appears,/platforms/meses/,"Meses Review: Real Deposits, Withdrawals, Returns & YieldProof Score",Validate brand-query SERP for ambiguity before relying on brand search volume.
Voryqa,,,,,,,,Platform page for live-test evidence; expand only when search demand appears,/platforms/voryqa/,"Voryqa Review: Real Deposits, Withdrawals, Returns & YieldProof Score",Validate brand-query SERP for ambiguity before relying on brand search volume.
Zentex,320,,,,,,,Platform page for live-test evidence; expand only when search demand appears,/platforms/zentex/,"Zentex Review: Real Deposits, Withdrawals, Returns & YieldProof Score",Validate brand-query SERP for ambiguity before relying on brand search volume.
Rosenberg Systems,,,,,,,,Platform page for live-test evidence; expand only when search demand appears,/platforms/rosenberg-systems/,"Rosenberg Systems Review: Real Deposits, Withdrawals, Returns & YieldProof Score",Validate brand-query SERP for ambiguity before relying on brand search volume.
Procash,90,,,,,,,Platform page for live-test evidence; expand only when search demand appears,/platforms/procash/,"Procash Review: Real Deposits, Withdrawals, Returns & YieldProof Score",Validate brand-query SERP for ambiguity before relying on brand search volume.
BitoMax,,,,,,,,Platform page for live-test evidence; expand only when search demand appears,/platforms/bitomax/,"BitoMax Review: Real Deposits, Withdrawals, Returns & YieldProof Score",Validate brand-query SERP for ambiguity before relying on brand search volume.
PairBots,,,,,,,,Platform page for live-test evidence; expand only when search demand appears,/platforms/pairbots/,"PairBots Review: Real Deposits, Withdrawals, Returns & YieldProof Score",Validate brand-query SERP for ambiguity before relying on brand search volume.
Aevos,40,,,,,,,Platform page for live-test evidence; expand only when search demand appears,/platforms/aevos/,"Aevos Review: Real Deposits, Withdrawals, Returns & YieldProof Score",Validate brand-query SERP for ambiguity before relying on brand search volume.
Road Rise,,,,,,,,Platform page for live-test evidence; expand only when search demand appears,/platforms/road-rise/,"Road Rise Review: Real Deposits, Withdrawals, Returns & YieldProof Score",Validate brand-query SERP for ambiguity before relying on brand search volume.
Zuidos,,,,,,,,Platform page for live-test evidence; expand only when search demand appears,/platforms/zuidos/,"Zuidos Review: Real Deposits, Withdrawals, Returns & YieldProof Score",Validate brand-query SERP for ambiguity before relying on brand search volume.
WantonsGroup,,,,,,,,Platform page for live-test evidence; expand only when search demand appears,/platforms/wantonsgroup/,"WantonsGroup Review: Real Deposits, Withdrawals, Returns & YieldProof Score",Validate brand-query SERP for ambiguity before relying on brand search volume.
Elementex,,,,,,,,Platform page for live-test evidence; expand only when search demand appears,/platforms/elementex/,"Elementex Review: Real Deposits, Withdrawals, Returns & YieldProof Score",Validate brand-query SERP for ambiguity before relying on brand search volume.
Elementex Pro,,,,,,,,Platform page for live-test evidence; expand only when search demand appears,/platforms/elementex-pro/,"Elementex Pro Review: Real Deposits, Withdrawals, Returns & YieldProof Score",Validate brand-query SERP for ambiguity before relying on brand search volume.
Marsses,40,,,,,,,Platform page for live-test evidence; expand only when search demand appears,/platforms/marsses/,"Marsses Review: Real Deposits, Withdrawals, Returns & YieldProof Score",Validate brand-query SERP for ambiguity before relying on brand search volume.
Winvest,720,,,,,,,Platform page for live-test evidence; expand only when search demand appears,/platforms/winvest/,"Winvest Review: Real Deposits, Withdrawals, Returns & YieldProof Score",Validate brand-query SERP for ambiguity before relying on brand search volume.
Mooner,590,,,,,,,Platform page for live-test evidence; expand only when search demand appears,/platforms/mooner/,"Mooner Review: Real Deposits, Withdrawals, Returns & YieldProof Score",Validate brand-query SERP for ambiguity before relying on brand search volume.
Stable Grow,,,,,,,,Platform page for live-test evidence; expand only when search demand appears,/platforms/stable-grow/,"Stable Grow Review: Real Deposits, Withdrawals, Returns & YieldProof Score",Validate brand-query SERP for ambiguity before relying on brand search volume.
Bityx,10,,,,,,,Platform page for live-test evidence; expand only when search demand appears,/platforms/bityx/,"Bityx Review: Real Deposits, Withdrawals, Returns & YieldProof Score",Validate brand-query SERP for ambiguity before relying on brand search volume.
HashRanchoGPU,,,,,,,,Platform page for live-test evidence; expand only when search demand appears,/platforms/hashranchogpu/,"HashRanchoGPU Review: Real Deposits, Withdrawals, Returns & YieldProof Score",Validate brand-query SERP for ambiguity before relying on brand search volume.
Hedger,3600,,,,,,,Platform page for live-test evidence; expand only when search demand appears,/platforms/hedger/,"Hedger Review: Real Deposits, Withdrawals, Returns & YieldProof Score",Validate brand-query SERP for ambiguity before relying on brand search volume.
DogeJam,,,,,,,,Platform page for live-test evidence; expand only when search demand appears,/platforms/dogejam/,"DogeJam Review: Real Deposits, Withdrawals, Returns & YieldProof Score",Validate brand-query SERP for ambiguity before relying on brand search volume.
Apex Capital Rewards,,,,,,,,Platform page for live-test evidence; expand only when search demand appears,/platforms/apex-capital-rewards/,"Apex Capital Rewards Review: Real Deposits, Withdrawals, Returns & YieldProof Score",Validate brand-query SERP for ambiguity before relying on brand search volume.
Atlas System,590,,,,,,,Platform page for live-test evidence; expand only when search demand appears,/platforms/atlas-system/,"Atlas System Review: Real Deposits, Withdrawals, Returns & YieldProof Score",Validate brand-query SERP for ambiguity before relying on brand search volume.
InvestAIPays,,,,,,,,Platform page for live-test evidence; expand only when search demand appears,/platforms/investaipays/,"InvestAIPays Review: Real Deposits, Withdrawals, Returns & YieldProof Score",Validate brand-query SERP for ambiguity before relying on brand search volume.
Polygate,,,,,,,,Platform page for live-test evidence; expand only when search demand appears,/platforms/polygate/,"Polygate Review: Real Deposits, Withdrawals, Returns & YieldProof Score",Validate brand-query SERP for ambiguity before relying on brand search volume.
Rnavest,,,,,,,,Platform page for live-test evidence; expand only when search demand appears,/platforms/rnavest/,"Rnavest Review: Real Deposits, Withdrawals, Returns & YieldProof Score",Validate brand-query SERP for ambiguity before relying on brand search volume.
T Hawkeye,,,,,,,,Platform page for live-test evidence; expand only when search demand appears,/platforms/t-hawkeye/,"T Hawkeye Review: Real Deposits, Withdrawals, Returns & YieldProof Score",Validate brand-query SERP for ambiguity before relying on brand search volume.
NOKYC,140,,,,,,,Platform page for live-test evidence; expand only when search demand appears,/platforms/nokyc/,"NOKYC Review: Real Deposits, Withdrawals, Returns & YieldProof Score",Validate brand-query SERP for ambiguity before relying on brand search volume.
StakerX,,,,,,,,Platform page for live-test evidence; expand only when search demand appears,/platforms/stakerx/,"StakerX Review: Real Deposits, Withdrawals, Returns & YieldProof Score",Validate brand-query SERP for ambiguity before relying on brand search volume.
Universe Pro,90,,,,,,,Platform page for live-test evidence; expand only when search demand appears,/platforms/universe-pro/,"Universe Pro Review: Real Deposits, Withdrawals, Returns & YieldProof Score",Validate brand-query SERP for ambiguity before relying on brand search volume.
Oxustech,,,,,,,,Platform page for live-test evidence; expand only when search demand appears,/platforms/oxustech/,"Oxustech Review: Real Deposits, Withdrawals, Returns & YieldProof Score",Validate brand-query SERP for ambiguity before relying on brand search volume.
Saluno,,,,,,,,Platform page for live-test evidence; expand only when search demand appears,/platforms/saluno/,"Saluno Review: Real Deposits, Withdrawals, Returns & YieldProof Score",Validate brand-query SERP for ambiguity before relying on brand search volume.
Crypto Flex Limited,,,,,,,,Platform page for live-test evidence; expand only when search demand appears,/platforms/crypto-flex-limited/,"Crypto Flex Limited Review: Real Deposits, Withdrawals, Returns & YieldProof Score",Validate brand-query SERP for ambiguity before relying on brand search volume.
TAG Markets,480,10,10,,,,commercial,One strong platform page; keep review/withdrawal/scam as sections initially,/platforms/tag-markets/,"TAG Markets Review: Real Deposits, Withdrawals, Returns & YieldProof Score",Validate brand-query SERP for ambiguity before relying on brand search volume.
CopyX,880,,,,,,,Platform page for live-test evidence; expand only when search demand appears,/platforms/copyx/,"CopyX Review: Real Deposits, Withdrawals, Returns & YieldProof Score",Validate brand-query SERP for ambiguity before relying on brand search volume.
